{
  "map_file": "maps/bd514.svg",
  "viewport": {
    "x": 18.57794105122582,
    "y": 392.520418453934,
    "zoom": 1.7265571273624334,
    "rotation": 90.0
  },
  "tokens": [],
  "timestamp": "2026-02-12T01:36:10.642092"
}